first_name;last_name;email;password;policy
Sara;Fletcher;Sara@aibloq.com;Fletcher85200;[3]
Patricia;Herrera;Patricia@aibloq.com;Herrera85200;[1]
Kelli;Foley;Kelli@aibloq.com;Foley85200;[1]
Cathy;George;Cathy@aibloq.com;George85200;[3]
George;Freeman;George@aibloq.com;Freeman85200;[]
Bruce;Reese;Bruce@aibloq.com;Reese85200;[1]
Valerie;Bonilla;Valerie@aibloq.com;Bonilla85200;[3]
Cynthia;Stanley;Cynthia@aibloq.com;Stanley85200;[]
Jonathan;Russo;Jonathan@aibloq.com;Russo85200;[2]
Ronnie;Wagner;Ronnie@aibloq.com;Wagner85200;[2]
Makayla;Landry;Makayla@aibloq.com;Landry85200;[2]
Richard;Aguilar;Richard@aibloq.com;Aguilar85200;[3]
Karina;Butler;Karina@aibloq.com;Butler85200;[1]
Gregory;Perez;Gregory@aibloq.com;Perez85200;[3]
Sandra;Gregory;Sandra@aibloq.com;Gregory85200;[1]
Theresa;Mcdaniel;Theresa@aibloq.com;Mcdaniel85200;[3]
Xavier;Warner;Xavier@aibloq.com;Warner85200;[]
Jerry;Ball;Jerry@aibloq.com;Ball85200;[3]
Marie;Snyder;Marie@aibloq.com;Snyder85200;[1]
Bobby;Humphrey;Bobby@aibloq.com;Humphrey85200;[3]
Peggy;Dyer;Peggy@aibloq.com;Dyer85200;[3]
Stephanie;Long;Stephanie@aibloq.com;Long85200;[2]
Olivia;Turner;Olivia@aibloq.com;Turner85200;[2]
Joel;Ochoa;Joel@aibloq.com;Ochoa85200;[2]
Andrea;Hodge;Andrea@aibloq.com;Hodge85200;[3]
Antonio;Hutchinson;Antonio@aibloq.com;Hutchinson85200;[2]
Pamela;Cortez;Pamela@aibloq.com;Cortez85200;[]
Tracy;Bell;Tracy@aibloq.com;Bell85200;[2]
Mark;Case;Mark@aibloq.com;Case85200;[3]
Darlene;Schmidt;Darlene@aibloq.com;Schmidt85200;[1]
Monica;Mendez;Monica@aibloq.com;Mendez85200;[1]
Barbara;Wall;Barbara@aibloq.com;Wall85200;[2]
Shawna;Robbins;Shawna@aibloq.com;Robbins85200;[1]
Jordan;Bryant;Jordan@aibloq.com;Bryant85200;[3]
Tim;Jordan;Tim@aibloq.com;Jordan85200;[3]
Daniel;Rogers;Daniel@aibloq.com;Rogers85200;[3]
Vicki;Compton;Vicki@aibloq.com;Compton85200;[1]
Felicia;Woods;Felicia@aibloq.com;Woods85200;[]
Peter;Burke;Peter@aibloq.com;Burke85200;[3]
Steven;Hardy;Steven@aibloq.com;Hardy85200;[3]
Ian;Cook;Ian@aibloq.com;Cook85200;[1]
Lee;Krause;Lee@aibloq.com;Krause85200;[]
Derrick;Hale;Derrick@aibloq.com;Hale85200;[2]
Haley;Krueger;Haley@aibloq.com;Krueger85200;[]
Virginia;Lee;Virginia@aibloq.com;Lee85200;[3]
Karen;Reed;Karen@aibloq.com;Reed85200;[2]
Kevin;Green;Kevin@aibloq.com;Green85200;[1]
Yvonne;Bishop;Yvonne@aibloq.com;Bishop85200;[]
Bryan;Solis;Bryan@aibloq.com;Solis85200;[]
Michele;Becker;Michele@aibloq.com;Becker85200;[]
Zachary;Morrow;Zachary@aibloq.com;Morrow85200;[2]
Carol;Macdonald;Carol@aibloq.com;Macdonald85200;[1]
Darin;Spence;Darin@aibloq.com;Spence85200;[1]
Joyce;Benitez;Joyce@aibloq.com;Benitez85200;[3]
Connie;Sanford;Connie@aibloq.com;Sanford85200;[2]
Melissa;Thompson;Melissa@aibloq.com;Thompson85200;[2]
Katie;Hernandez;Katie@aibloq.com;Hernandez85200;[]
Alexander;Alexander;Alexander@aibloq.com;Alexander85200;[1]
Shane;Mitchell;Shane@aibloq.com;Mitchell85200;[3]
Mitchell;Hill;Mitchell@aibloq.com;Hill85200;[]
Jo;Hooper;Jo@aibloq.com;Hooper85200;[2]
Eric;Hicks;Eric@aibloq.com;Hicks85200;[3]
Warren;Walters;Warren@aibloq.com;Walters85200;[]
Emma;Gutierrez;Emma@aibloq.com;Gutierrez85200;[3]
Morgan;Duncan;Morgan@aibloq.com;Duncan85200;[3]
Charles;Horton;Charles@aibloq.com;Horton85200;[2]
Dakota;Campbell;Dakota@aibloq.com;Campbell85200;[2]
Latoya;Matthews;Latoya@aibloq.com;Matthews85200;[1]
Jason;Morgan;Jason@aibloq.com;Morgan85200;[]
Anne;Charles;Anne@aibloq.com;Charles85200;[3]
Evelyn;Dunn;Evelyn@aibloq.com;Dunn85200;[]
Dorothy;Acosta;Dorothy@aibloq.com;Acosta85200;[1]
Jaclyn;Torres;Jaclyn@aibloq.com;Torres85200;[2]
Robin;Berry;Robin@aibloq.com;Berry85200;[1]
Frank;Stevens;Frank@aibloq.com;Stevens85200;[]
Kim;Holloway;Kim@aibloq.com;Holloway85200;[]
Kelly;Kim;Kelly@aibloq.com;Kim85200;[2]
Nicole;Luna;Nicole@aibloq.com;Luna85200;[2]
Philip;Hendricks;Philip@aibloq.com;Hendricks85200;[3]
Juan;Kelly;Juan@aibloq.com;Kelly85200;[1]
Blake;Padilla;Blake@aibloq.com;Padilla85200;[2]
Kristin;Parks;Kristin@aibloq.com;Parks85200;[2]
Madison;Miller;Madison@aibloq.com;Miller85200;[]
Sierra;Griffin;Sierra@aibloq.com;Griffin85200;[3]
Whitney;Quinn;Whitney@aibloq.com;Quinn85200;[3]
Travis;Taylor;Travis@aibloq.com;Taylor85200;[2]
Julie;Lindsey;Julie@aibloq.com;Lindsey85200;[]
Shannon;Heath;Shannon@aibloq.com;Heath85200;[]
Taylor;Davidson;Taylor@aibloq.com;Davidson85200;[]
Lisa;Ford;Lisa@aibloq.com;Ford85200;[1]
Anna;Vang;Anna@aibloq.com;Vang85200;[2]
Ashley;Lam;Ashley@aibloq.com;Lam85200;[2]
Glenda;Mcbride;Glenda@aibloq.com;Mcbride85200;[1]
Amber;Jimenez;Amber@aibloq.com;Jimenez85200;[1]
Renee;Nguyen;Renee@aibloq.com;Nguyen85200;[]
Michael;Carter;Michael@aibloq.com;Carter85200;[]
Chad;Munoz;Chad@aibloq.com;Munoz85200;[]
Kent;Scott;Kent@aibloq.com;Scott85200;[3]
Allison;Mclaughlin;Allison@aibloq.com;Mclaughlin85200;[2]
Alice;Cantrell;Alice@aibloq.com;Cantrell85200;[3]
Holly;Davis;Holly@aibloq.com;Davis85200;[2]
Alexa;Sullivan;Alexa@aibloq.com;Sullivan85200;[2]
Amy;Short;Amy@aibloq.com;Short85200;[3]
Tristan;Jefferson;Tristan@aibloq.com;Jefferson85200;[3]
Rachel;Allen;Rachel@aibloq.com;Allen85200;[3]
Bianca;Singleton;Bianca@aibloq.com;Singleton85200;[2]
Rebecca;Lara;Rebecca@aibloq.com;Lara85200;[3]
Kirk;Zimmerman;Kirk@aibloq.com;Zimmerman85200;[]
Scott;Leon;Scott@aibloq.com;Leon85200;[]
Martha;Knapp;Martha@aibloq.com;Knapp85200;[2]
Paul;Ruiz;Paul@aibloq.com;Ruiz85200;[]
Alyssa;Baker;Alyssa@aibloq.com;Baker85200;[1]
Christina;Ingram;Christina@aibloq.com;Ingram85200;[]
Allen;Rowland;Allen@aibloq.com;Rowland85200;[]
Jacob;Dawson;Jacob@aibloq.com;Dawson85200;[2]
Meredith;Dennis;Meredith@aibloq.com;Dennis85200;[1]
Brittney;Payne;Brittney@aibloq.com;Payne85200;[3]
Leon;Mendoza;Leon@aibloq.com;Mendoza85200;[3]
Yvette;Ryan;Yvette@aibloq.com;Ryan85200;[3]
Casey;Riddle;Casey@aibloq.com;Riddle85200;[]
Dennis;Pierce;Dennis@aibloq.com;Pierce85200;[]
Ryan;Jacobs;Ryan@aibloq.com;Jacobs85200;[3]
Shelley;Wong;Shelley@aibloq.com;Wong85200;[2]
Kendra;Mason;Kendra@aibloq.com;Mason85200;[2]
Joshua;Gonzales;Joshua@aibloq.com;Gonzales85200;[1]
Reginald;Peterson;Reginald@aibloq.com;Peterson85200;[]
Abigail;Reynolds;Abigail@aibloq.com;Reynolds85200;[3]
William;Roberts;William@aibloq.com;Roberts85200;[]
Stefanie;Nelson;Stefanie@aibloq.com;Nelson85200;[]
Kristina;Gardner;Kristina@aibloq.com;Gardner85200;[]
Traci;Valencia;Traci@aibloq.com;Valencia85200;[3]
Frances;Sanchez;Frances@aibloq.com;Sanchez85200;[3]
Briana;Beasley;Briana@aibloq.com;Beasley85200;[1]
Brenda;Stephens;Brenda@aibloq.com;Stephens85200;[1]
Albert;Mckee;Albert@aibloq.com;Mckee85200;[3]
Caroline;Lane;Caroline@aibloq.com;Lane85200;[]
Erika;Strong;Erika@aibloq.com;Strong85200;[3]
Catherine;Fisher;Catherine@aibloq.com;Fisher85200;[1]
Damon;Love;Damon@aibloq.com;Love85200;[2]
Chelsea;White;Chelsea@aibloq.com;White85200;[2]
Breanna;Walton;Breanna@aibloq.com;Walton85200;[2]
Brian;Glover;Brian@aibloq.com;Glover85200;[2]
Robert;Chambers;Robert@aibloq.com;Chambers85200;[]
Katherine;Hoffman;Katherine@aibloq.com;Hoffman85200;[]
Faith;Collier;Faith@aibloq.com;Collier85200;[1]
Penny;Chen;Penny@aibloq.com;Chen85200;[1]
Kristen;Burns;Kristen@aibloq.com;Burns85200;[3]
Julia;Schroeder;Julia@aibloq.com;Schroeder85200;[1]
Victor;Brewer;Victor@aibloq.com;Brewer85200;[3]
Beth;Le;Beth@aibloq.com;Le85200;[3]
Terri;Garner;Terri@aibloq.com;Garner85200;[]
Aaron;Wolf;Aaron@aibloq.com;Wolf85200;[3]
Denise;Ferguson;Denise@aibloq.com;Ferguson85200;[]
Lauren;Alvarado;Lauren@aibloq.com;Alvarado85200;[2]
Molly;King;Molly@aibloq.com;King85200;[1]
Sydney;Farley;Sydney@aibloq.com;Farley85200;[2]
Nicholas;Mcmillan;Nicholas@aibloq.com;Mcmillan85200;[1]
Joan;Fitzgerald;Joan@aibloq.com;Fitzgerald85200;[2]
Sonia;Fowler;Sonia@aibloq.com;Fowler85200;[1]
Kristopher;Ross;Kristopher@aibloq.com;Ross85200;[]
Andrew;Cunningham;Andrew@aibloq.com;Cunningham85200;[1]
Elijah;Keith;Elijah@aibloq.com;Keith85200;[2]
Russell;Barker;Russell@aibloq.com;Barker85200;[2]
Kerry;Hancock;Kerry@aibloq.com;Hancock85200;[1]
Yolanda;Coleman;Yolanda@aibloq.com;Coleman85200;[2]
Paige;Esparza;Paige@aibloq.com;Esparza85200;[1]
Sherry;Garrison;Sherry@aibloq.com;Garrison85200;[]
Colton;Webster;Colton@aibloq.com;Webster85200;[]
Alan;Martinez;Alan@aibloq.com;Martinez85200;[]
Emily;Duke;Emily@aibloq.com;Duke85200;[3]
Adam;Morris;Adam@aibloq.com;Morris85200;[1]
Keith;Wade;Keith@aibloq.com;Wade85200;[3]
Kimberly;Poole;Kimberly@aibloq.com;Poole85200;[1]
Christopher;Hogan;Christopher@aibloq.com;Hogan85200;[3]
Justin;Friedman;Justin@aibloq.com;Friedman85200;[2]
Danielle;Avila;Danielle@aibloq.com;Avila85200;[2]
Suzanne;Suarez;Suzanne@aibloq.com;Suarez85200;[2]
Randy;Curtis;Randy@aibloq.com;Curtis85200;[1]
Kristine;Blackburn;Kristine@aibloq.com;Blackburn85200;[]
Caleb;Williams;Caleb@aibloq.com;Williams85200;[1]
Alexandra;Roach;Alexandra@aibloq.com;Roach85200;[3]
Rita;Erickson;Rita@aibloq.com;Erickson85200;[1]
Jade;Doyle;Jade@aibloq.com;Doyle85200;[2]
Stacey;Walker;Stacey@aibloq.com;Walker85200;[1]
Katelyn;Armstrong;Katelyn@aibloq.com;Armstrong85200;[]
Claire;Cummings;Claire@aibloq.com;Cummings85200;[2]
Ruben;Harmon;Ruben@aibloq.com;Harmon85200;[3]
Bradley;Whitaker;Bradley@aibloq.com;Whitaker85200;[3]
Lance;Collins;Lance@aibloq.com;Collins85200;[3]
Brandi;Bright;Brandi@aibloq.com;Bright85200;[3]
Cory;Gallagher;Cory@aibloq.com;Gallagher85200;[]
Madeline;Tucker;Madeline@aibloq.com;Tucker85200;[2]
Frederick;Levine;Frederick@aibloq.com;Levine85200;[3]
Janet;Castaneda;Janet@aibloq.com;Castaneda85200;[]
Shelly;Obrien;Shelly@aibloq.com;Obrien85200;[]
Dylan;Khan;Dylan@aibloq.com;Khan85200;[1]
Oscar;French;Oscar@aibloq.com;French85200;[2]
Rodney;Park;Rodney@aibloq.com;Park85200;[1]
Kristi;Drake;Kristi@aibloq.com;Drake85200;[]
Dustin;Howard;Dustin@aibloq.com;Howard85200;[2]
Sandy;Peck;Sandy@aibloq.com;Peck85200;[3]
Ricardo;Randall;Ricardo@aibloq.com;Randall85200;[3]
Cameron;Pearson;Cameron@aibloq.com;Pearson85200;[2]
Kayla;Rojas;Kayla@aibloq.com;Rojas85200;[]
Stephen;Mcintyre;Stephen@aibloq.com;Mcintyre85200;[]
Tamara;Bennett;Tamara@aibloq.com;Bennett85200;[2]
Billy;Fernandez;Billy@aibloq.com;Fernandez85200;[2]
Anita;Salinas;Anita@aibloq.com;Salinas85200;[1]
Vickie;Wilson;Vickie@aibloq.com;Wilson85200;[2]
Summer;Steele;Summer@aibloq.com;Steele85200;[3]
Steve;Rose;Steve@aibloq.com;Rose85200;[2]
Howard;Williamson;Howard@aibloq.com;Williamson85200;[2]
Brad;Palmer;Brad@aibloq.com;Palmer85200;[]
Kenneth;Dunlap;Kenneth@aibloq.com;Dunlap85200;[3]
Randall;Holland;Randall@aibloq.com;Holland85200;[1]
Carolyn;Atkins;Carolyn@aibloq.com;Atkins85200;[2]
Luke;Jackson;Luke@aibloq.com;Jackson85200;[]
Troy;Bailey;Troy@aibloq.com;Bailey85200;[2]
Alexandria;Benson;Alexandria@aibloq.com;Benson85200;[3]
Regina;Stewart;Regina@aibloq.com;Stewart85200;[3]
Megan;Lawrence;Megan@aibloq.com;Lawrence85200;[2]
Monique;Willis;Monique@aibloq.com;Willis85200;[]
Tommy;Small;Tommy@aibloq.com;Small85200;[3]
Alex;Lucero;Alex@aibloq.com;Lucero85200;[]
Isaac;Mueller;Isaac@aibloq.com;Mueller85200;[1]
Rose;Rodgers;Rose@aibloq.com;Rodgers85200;[3]
Tony;Hall;Tony@aibloq.com;Hall85200;[3]
Toni;Gilbert;Toni@aibloq.com;Gilbert85200;[]
Clinton;Shaw;Clinton@aibloq.com;Shaw85200;[3]
Diane;Walter;Diane@aibloq.com;Walter85200;[1]
Tina;Cole;Tina@aibloq.com;Cole85200;[1]
Tammy;Colon;Tammy@aibloq.com;Colon85200;[]
Jackson;Hart;Jackson@aibloq.com;Hart85200;[]
Bailey;Salas;Bailey@aibloq.com;Salas85200;[]
Matthew;Washington;Matthew@aibloq.com;Washington85200;[]
Lori;Cox;Lori@aibloq.com;Cox85200;[]
Lindsay;Wood;Lindsay@aibloq.com;Wood85200;[2]
Lawrence;Vaughn;Lawrence@aibloq.com;Vaughn85200;[]
Kurt;Schwartz;Kurt@aibloq.com;Schwartz85200;[3]
Roger;Dickerson;Roger@aibloq.com;Dickerson85200;[2]
Walter;Cruz;Walter@aibloq.com;Cruz85200;[2]
Ann;Kemp;Ann@aibloq.com;Kemp85200;[3]
Sylvia;Clark;Sylvia@aibloq.com;Clark85200;[3]
Timothy;Bush;Timothy@aibloq.com;Bush85200;[]
Lacey;Martin;Lacey@aibloq.com;Martin85200;[1]
Katrina;Silva;Katrina@aibloq.com;Silva85200;[]
Jennifer;Barry;Jennifer@aibloq.com;Barry85200;[2]
Mary;Welch;Mary@aibloq.com;Welch85200;[2]
Vanessa;Weber;Vanessa@aibloq.com;Weber85200;[]
Paula;Price;Paula@aibloq.com;Price85200;[3]
Edwin;Mathis;Edwin@aibloq.com;Mathis85200;[3]
Martin;Hunt;Martin@aibloq.com;Hunt85200;[2]
Kara;Ramsey;Kara@aibloq.com;Ramsey85200;[]
Melinda;Tyler;Melinda@aibloq.com;Tyler85200;[3]
Brady;Osborne;Brady@aibloq.com;Osborne85200;[]
Barry;Rios;Barry@aibloq.com;Rios85200;[2]
Johnny;Gibson;Johnny@aibloq.com;Gibson85200;[2]
Jean;Watson;Jean@aibloq.com;Watson85200;[3]
Marisa;Booth;Marisa@aibloq.com;Booth85200;[1]
Gary;Wise;Gary@aibloq.com;Wise85200;[3]
Ronald;Raymond;Ronald@aibloq.com;Raymond85200;[2]
Gabrielle;Carroll;Gabrielle@aibloq.com;Carroll85200;[3]
Ruth;Beck;Ruth@aibloq.com;Beck85200;[]
Sheila;Pratt;Sheila@aibloq.com;Pratt85200;[2]
Tyler;Miranda;Tyler@aibloq.com;Miranda85200;[1]
Erica;Austin;Erica@aibloq.com;Austin85200;[3]
Nancy;Good;Nancy@aibloq.com;Good85200;[2]
Hector;Arnold;Hector@aibloq.com;Arnold85200;[3]
Trevor;Stephenson;Trevor@aibloq.com;Stephenson85200;[1]
Gene;Ayala;Gene@aibloq.com;Ayala85200;[3]
Connor;Alvarez;Connor@aibloq.com;Alvarez85200;[2]
Raymond;Howell;Raymond@aibloq.com;Howell85200;[]
Tiffany;Burnett;Tiffany@aibloq.com;Burnett85200;[]
Kelsey;Monroe;Kelsey@aibloq.com;Monroe85200;[3]
Marc;Adams;Marc@aibloq.com;Adams85200;[3]
Miranda;Knight;Miranda@aibloq.com;Knight85200;[2]
Austin;Koch;Austin@aibloq.com;Koch85200;[]
Samantha;Carson;Samantha@aibloq.com;Carson85200;[]
Sue;Strickland;Sue@aibloq.com;Strickland85200;[1]
Wanda;Ramos;Wanda@aibloq.com;Ramos85200;[3]
Jenny;Adkins;Jenny@aibloq.com;Adkins85200;[1]
Calvin;Cooper;Calvin@aibloq.com;Cooper85200;[3]
Devin;Bowman;Devin@aibloq.com;Bowman85200;[1]
Anthony;Hughes;Anthony@aibloq.com;Hughes85200;[]
Hannah;Frey;Hannah@aibloq.com;Frey85200;[1]
Heidi;Rivas;Heidi@aibloq.com;Rivas85200;[2]
Elizabeth;Salazar;Elizabeth@aibloq.com;Salazar85200;[1]
Krista;Hansen;Krista@aibloq.com;Hansen85200;[]
Laurie;Robinson;Laurie@aibloq.com;Robinson85200;[1]
Meagan;Cross;Meagan@aibloq.com;Cross85200;[3]
Jon;Boyd;Jon@aibloq.com;Boyd85200;[2]
Margaret;Barnes;Margaret@aibloq.com;Barnes85200;[3]
Gina;Branch;Gina@aibloq.com;Branch85200;[3]
Cody;Chapman;Cody@aibloq.com;Chapman85200;[3]
Judith;Marshall;Judith@aibloq.com;Marshall85200;[1]
Tanya;Tate;Tanya@aibloq.com;Tate85200;[3]
Tricia;Christensen;Tricia@aibloq.com;Christensen85200;[3]
Arthur;Sanders;Arthur@aibloq.com;Sanders85200;[3]
Beverly;Edwards;Beverly@aibloq.com;Edwards85200;[1]
Lonnie;Henry;Lonnie@aibloq.com;Henry85200;[2]
Deborah;Robertson;Deborah@aibloq.com;Robertson85200;[3]
Nichole;Parsons;Nichole@aibloq.com;Parsons85200;[3]
Autumn;Lang;Autumn@aibloq.com;Lang85200;[2]
Henry;Wallace;Henry@aibloq.com;Wallace85200;[]
Leah;Pittman;Leah@aibloq.com;Pittman85200;[]
Chris;Galloway;Chris@aibloq.com;Galloway85200;[]
Roberto;Marsh;Roberto@aibloq.com;Marsh85200;[1]
Ana;Shepard;Ana@aibloq.com;Shepard85200;[3]
Darrell;Maynard;Darrell@aibloq.com;Maynard85200;[]
Ellen;Francis;Ellen@aibloq.com;Francis85200;[2]
Francis;Hull;Francis@aibloq.com;Hull85200;[]
Veronica;Li;Veronica@aibloq.com;Li85200;[2]
Tracey;Rivera;Tracey@aibloq.com;Rivera85200;[3]
Rachael;Norman;Rachael@aibloq.com;Norman85200;[2]
Eddie;Fox;Eddie@aibloq.com;Fox85200;[3]
Tami;Hendrix;Tami@aibloq.com;Hendrix85200;[2]
Vincent;Simmons;Vincent@aibloq.com;Simmons85200;[1]
Latasha;Rowe;Latasha@aibloq.com;Rowe85200;[]
Mario;Newton;Mario@aibloq.com;Newton85200;[3]
Samuel;Vasquez;Samuel@aibloq.com;Vasquez85200;[3]
Dawn;Hopkins;Dawn@aibloq.com;Hopkins85200;[2]
Douglas;Neal;Douglas@aibloq.com;Neal85200;[3]
Joann;Gray;Joann@aibloq.com;Gray85200;[1]
Laura;Evans;Laura@aibloq.com;Evans85200;[2]
Carl;Walsh;Carl@aibloq.com;Walsh85200;[]
Mike;Andrade;Mike@aibloq.com;Andrade85200;[3]
Corey;Conway;Corey@aibloq.com;Conway85200;[]
Courtney;Everett;Courtney@aibloq.com;Everett85200;[]
Jaime;Murillo;Jaime@aibloq.com;Murillo85200;[2]
Sharon;Grant;Sharon@aibloq.com;Grant85200;[3]
Luis;Craig;Luis@aibloq.com;Craig85200;[2]
Doris;Camacho;Doris@aibloq.com;Camacho85200;[]
Kathryn;Reyes;Kathryn@aibloq.com;Reyes85200;[1]
Diana;Powell;Diana@aibloq.com;Powell85200;[]
Stacy;Randolph;Stacy@aibloq.com;Randolph85200;[1]
Craig;Hood;Craig@aibloq.com;Hood85200;[2]
Jodi;Thomas;Jodi@aibloq.com;Thomas85200;[3]
Victoria;Lucas;Victoria@aibloq.com;Lucas85200;[2]
Grant;Cantu;Grant@aibloq.com;Cantu85200;[3]
Mckenzie;Mcfarland;Mckenzie@aibloq.com;Mcfarland85200;[1]
Gwendolyn;Shaffer;Gwendolyn@aibloq.com;Shaffer85200;[]
Jimmy;Lewis;Jimmy@aibloq.com;Lewis85200;[]
Mackenzie;Smith;Mackenzie@aibloq.com;Smith85200;[3]
Patty;Ward;Patty@aibloq.com;Ward85200;[1]
Thomas;Stevenson;Thomas@aibloq.com;Stevenson85200;[1]
Leslie;Moran;Leslie@aibloq.com;Moran85200;[2]
Gabriella;Shah;Gabriella@aibloq.com;Shah85200;[]
Lucas;Romero;Lucas@aibloq.com;Romero85200;[3]
Janice;Foster;Janice@aibloq.com;Foster85200;[3]
Joseph;Montgomery;Joseph@aibloq.com;Montgomery85200;[3]
Ricky;Moody;Ricky@aibloq.com;Moody85200;[3]
Maria;Davenport;Maria@aibloq.com;Davenport85200;[3]
Benjamin;Tapia;Benjamin@aibloq.com;Tapia85200;[3]
Brett;Chaney;Brett@aibloq.com;Chaney85200;[]
Jose;Kane;Jose@aibloq.com;Kane85200;[2]
David;Castro;David@aibloq.com;Castro85200;[]
Hailey;Hubbard;Hailey@aibloq.com;Hubbard85200;[2]
Jeremy;Jenkins;Jeremy@aibloq.com;Jenkins85200;[1]
Sherri;May;Sherri@aibloq.com;May85200;[3]
Gerald;Hodges;Gerald@aibloq.com;Hodges85200;[2]
Sean;Hammond;Sean@aibloq.com;Hammond85200;[1]
Jared;Rodriguez;Jared@aibloq.com;Rodriguez85200;[]
Natalie;Newman;Natalie@aibloq.com;Newman85200;[3]
Heather;Mcgrath;Heather@aibloq.com;Mcgrath85200;[2]
Jesus;Meyer;Jesus@aibloq.com;Meyer85200;[]
Brianna;Young;Brianna@aibloq.com;Young85200;[3]
Linda;Lozano;Linda@aibloq.com;Lozano85200;[]
Bill;Yu;Bill@aibloq.com;Yu85200;[1]
Francisco;Flores;Francisco@aibloq.com;Flores85200;[1]
Phillip;Fields;Phillip@aibloq.com;Fields85200;[]
Kari;Perkins;Kari@aibloq.com;Perkins85200;[1]
Jasmine;Mata;Jasmine@aibloq.com;Mata85200;[1]
Jody;Riley;Jody@aibloq.com;Riley85200;[1]
Shawn;Mayer;Shawn@aibloq.com;Mayer85200;[]
Jacqueline;Fleming;Jacqueline@aibloq.com;Fleming85200;[2]
Wendy;Black;Wendy@aibloq.com;Black85200;[1]
Natasha;Myers;Natasha@aibloq.com;Myers85200;[]
Jeanne;Hoover;Jeanne@aibloq.com;Hoover85200;[3]
Evan;Moore;Evan@aibloq.com;Moore85200;[2]
Danny;Harper;Danny@aibloq.com;Harper85200;[3]
Chelsey;Rosales;Chelsey@aibloq.com;Rosales85200;[3]
Jill;Sellers;Jill@aibloq.com;Sellers85200;[3]
Derek;Day;Derek@aibloq.com;Day85200;[2]
Christian;Marks;Christian@aibloq.com;Marks85200;[]
Javier;Mckinney;Javier@aibloq.com;Mckinney85200;[3]
Jeffrey;Olson;Jeffrey@aibloq.com;Olson85200;[1]
Jay;Maxwell;Jay@aibloq.com;Maxwell85200;[]
John;Boyer;John@aibloq.com;Boyer85200;[1]
Pedro;Lawson;Pedro@aibloq.com;Lawson85200;[3]
Dillon;Wolfe;Dillon@aibloq.com;Wolfe85200;[1]
Nathan;House;Nathan@aibloq.com;House85200;[1]
Jamie;Norton;Jamie@aibloq.com;Norton85200;[]
Kyle;Lowe;Kyle@aibloq.com;Lowe85200;[]
Susan;Espinoza;Susan@aibloq.com;Espinoza85200;[1]
Alicia;Ray;Alicia@aibloq.com;Ray85200;[3]
Misty;Gomez;Misty@aibloq.com;Gomez85200;[3]
Donna;Zhang;Donna@aibloq.com;Zhang85200;[2]
Colin;Morse;Colin@aibloq.com;Morse85200;[2]
Gloria;Solomon;Gloria@aibloq.com;Solomon85200;[3]
Ernest;Spencer;Ernest@aibloq.com;Spencer85200;[2]
Ralph;Baird;Ralph@aibloq.com;Baird85200;[3]
April;Morrison;April@aibloq.com;Morrison85200;[1]
Phyllis;Graham;Phyllis@aibloq.com;Graham85200;[2]
Shaun;Greer;Shaun@aibloq.com;Greer85200;[2]
Audrey;Powers;Audrey@aibloq.com;Powers85200;[2]
Gabriel;Dixon;Gabriel@aibloq.com;Dixon85200;[]
Patrick;James;Patrick@aibloq.com;James85200;[]
Roy;Roberson;Roy@aibloq.com;Roberson85200;[2]
Bernard;Blevins;Bernard@aibloq.com;Blevins85200;[1]
Tara;Harvey;Tara@aibloq.com;Harvey85200;[3]
Cassandra;Rocha;Cassandra@aibloq.com;Rocha85200;[3]
Jessica;Floyd;Jessica@aibloq.com;Floyd85200;[]
Jerome;Serrano;Jerome@aibloq.com;Serrano85200;[]
Bethany;Barrett;Bethany@aibloq.com;Barrett85200;[1]
Kathleen;Wright;Kathleen@aibloq.com;Wright85200;[3]
Lorraine;Snow;Lorraine@aibloq.com;Snow85200;[2]
Christine;Guerra;Christine@aibloq.com;Guerra85200;[3]
Debra;Garcia;Debra@aibloq.com;Garcia85200;[1]
Melanie;Atkinson;Melanie@aibloq.com;Atkinson85200;[2]
James;Garrett;James@aibloq.com;Garrett85200;[2]
Omar;Proctor;Omar@aibloq.com;Proctor85200;[2]
Cristian;Lopez;Cristian@aibloq.com;Lopez85200;[1]
Brittany;Moreno;Brittany@aibloq.com;Moreno85200;[1]
Jesse;Phillips;Jesse@aibloq.com;Phillips85200;[2]
Louis;Meza;Louis@aibloq.com;Meza85200;[3]
Cheryl;Leonard;Cheryl@aibloq.com;Leonard85200;[]
Deanna;Roman;Deanna@aibloq.com;Roman85200;[3]
Jake;Vargas;Jake@aibloq.com;Vargas85200;[3]
Alison;Mills;Alison@aibloq.com;Mills85200;[]
Lynn;Murphy;Lynn@aibloq.com;Murphy85200;[3]
Garrett;Hamilton;Garrett@aibloq.com;Hamilton85200;[1]
Malik;Carrillo;Malik@aibloq.com;Carrillo85200;[]
Leonard;Schmitt;Leonard@aibloq.com;Schmitt85200;[]
Glen;Logan;Glen@aibloq.com;Logan85200;[]
Annette;Mooney;Annette@aibloq.com;Mooney85200;[]
Fred;Buckley;Fred@aibloq.com;Buckley85200;[3]
Larry;Glenn;Larry@aibloq.com;Glenn85200;[3]
Mariah;Villegas;Mariah@aibloq.com;Villegas85200;[1]
Logan;Reeves;Logan@aibloq.com;Reeves85200;[1]
Darren;Briggs;Darren@aibloq.com;Briggs85200;[3]
Jane;Brown;Jane@aibloq.com;Brown85200;[2]
Michelle;Harris;Michelle@aibloq.com;Harris85200;[3]
Adrian;Norris;Adrian@aibloq.com;Norris85200;[2]
Glenn;Dodson;Glenn@aibloq.com;Dodson85200;[1]
Brent;Grimes;Brent@aibloq.com;Grimes85200;[2]
Belinda;Tanner;Belinda@aibloq.com;Tanner85200;[2]
Jack;Mclean;Jack@aibloq.com;Mclean85200;[1]
Micheal;Jones;Micheal@aibloq.com;Jones85200;[2]
Kaylee;Pope;Kaylee@aibloq.com;Pope85200;[]
Desiree;Petersen;Desiree@aibloq.com;Petersen85200;[1]
Gail;Carpenter;Gail@aibloq.com;Carpenter85200;[]
Alisha;Chan;Alisha@aibloq.com;Chan85200;[1]
Chase;Simpson;Chase@aibloq.com;Simpson85200;[]
Brandon;Mccoy;Brandon@aibloq.com;Mccoy85200;[3]
Fernando;Cisneros;Fernando@aibloq.com;Cisneros85200;[]
Teresa;Nolan;Teresa@aibloq.com;Nolan85200;[3]
Tonya;Gonzalez;Tonya@aibloq.com;Gonzalez85200;[3]
Erik;Bolton;Erik@aibloq.com;Bolton85200;[]
Hayden;Vazquez;Hayden@aibloq.com;Vazquez85200;[]
Rhonda;Copeland;Rhonda@aibloq.com;Copeland85200;[]
Mathew;Rosario;Mathew@aibloq.com;Rosario85200;[2]
Sarah;Owens;Sarah@aibloq.com;Owens85200;[3]
Marissa;Reilly;Marissa@aibloq.com;Reilly85200;[2]
Jillian;Anderson;Jillian@aibloq.com;Anderson85200;[1]
Angela;Gordon;Angela@aibloq.com;Gordon85200;[3]
Shelia;Frazier;Shelia@aibloq.com;Frazier85200;[2]
Cindy;Calderon;Cindy@aibloq.com;Calderon85200;[]
Wesley;Mccarthy;Wesley@aibloq.com;Mccarthy85200;[]
Candace;Fuentes;Candace@aibloq.com;Fuentes85200;[]
Hunter;Figueroa;Hunter@aibloq.com;Figueroa85200;[3]
Angel;Weaver;Angel@aibloq.com;Weaver85200;[2]
Seth;Massey;Seth@aibloq.com;Massey85200;[]
Colleen;Macias;Colleen@aibloq.com;Macias85200;[]
Jeremiah;Farmer;Jeremiah@aibloq.com;Farmer85200;[2]
Jenna;Bass;Jenna@aibloq.com;Bass85200;[2]
Carlos;Henderson;Carlos@aibloq.com;Henderson85200;[2]
Collin;Porter;Collin@aibloq.com;Porter85200;[]
Christy;Peters;Christy@aibloq.com;Peters85200;[2]
Donald;Mckay;Donald@aibloq.com;Mckay85200;[3]
Sabrina;Boyle;Sabrina@aibloq.com;Boyle85200;[1]
Ebony;Daugherty;Ebony@aibloq.com;Daugherty85200;[1]
Brandy;Parrish;Brandy@aibloq.com;Parrish85200;[3]
Todd;Costa;Todd@aibloq.com;Costa85200;[3]
Rebekah;Kennedy;Rebekah@aibloq.com;Kennedy85200;[]
Alexis;Diaz;Alexis@aibloq.com;Diaz85200;[1]
Edward;Schultz;Edward@aibloq.com;Schultz85200;[3]
Dana;Harrison;Dana@aibloq.com;Harrison85200;[]
Caitlin;Lyons;Caitlin@aibloq.com;Lyons85200;[3]
Nathaniel;Tran;Nathaniel@aibloq.com;Tran85200;[3]
Dalton;Wiley;Dalton@aibloq.com;Wiley85200;[1]
Erin;Ramirez;Erin@aibloq.com;Ramirez85200;[2]
Crystal;Dalton;Crystal@aibloq.com;Dalton85200;[]
Jeffery;Jacobson;Jeffery@aibloq.com;Jacobson85200;[1]
Shirley;Hawkins;Shirley@aibloq.com;Hawkins85200;[]
Aimee;Castillo;Aimee@aibloq.com;Castillo85200;[1]
Amanda;Villarreal;Amanda@aibloq.com;Villarreal85200;[3]
Darryl;Parker;Darryl@aibloq.com;Parker85200;[1]
Carrie;Hampton;Carrie@aibloq.com;Hampton85200;[2]
Melody;Wiggins;Melody@aibloq.com;Wiggins85200;[1]
Brooke;Johnson;Brooke@aibloq.com;Johnson85200;[3]
